{
 "pg": 0.0,
 "se": 8.16496580927726e-06,
 "pr": 0.9319608790247715,
 "contract": 0.0,
 "ci": 0.02001491448027713,
 "measured": 0.030303030303030304,
 "n": 33,
 "respected": false
}