{
 "pg": 0.0,
 "cp": [
  0.0,
  0.21801936091053403
 ],
 "pr": 0.9319608790247715,
 "contract": 0.0,
 "band": [
  -0.02,
  0.2231855152386002
 ],
 "measured": 0.030303030303030304,
 "n": 33,
 "respected": true
}