{
  "iid:0.0": {
    "meas": 0.4666666666666666,
    "pred": 0.4666666666666666
  },
  "correlato:0.0": {
    "meas": 0.4666666666666666,
    "pred": 0.4666666666666666
  },
  "sistematico:0.0": {
    "meas": 0.4666666666666666,
    "pred": 0.4666666666666666
  },
  "iid:0.05": {
    "meas": 0.4833333333333334,
    "pred": 0.4498495928896484
  },
  "correlato:0.05": {
    "meas": 0.5277777777777778,
    "pred": 0.4735258872522614
  },
  "sistematico:0.05": {
    "meas": 0.46666666666666673,
    "pred": 0.4486034721337214
  },
  "iid:0.1": {
    "meas": 0.5277777777777778,
    "pred": 0.4305306205872525
  },
  "correlato:0.1": {
    "meas": 0.5,
    "pred": 0.4783673562080583
  },
  "sistematico:0.1": {
    "meas": 0.4055555555555555,
    "pred": 0.4252154277404963
  },
  "iid:0.2": {
    "meas": 0.43333333333333335,
    "pred": 0.38400586073782306
  },
  "correlato:0.2": {
    "meas": 0.5333333333333333,
    "pred": 0.4800073259222788
  },
  "sistematico:0.2": {
    "meas": 0.39999999999999997,
    "pred": 0.36000549444170904
  },
  "iid:0.3": {
    "meas": 0.3666666666666667,
    "pred": 0.3271177446684904
  },
  "correlato:0.3": {
    "meas": 0.5388888888888889,
    "pred": 0.4673110638121291
  },
  "sistematico:0.3": {
    "meas": 0.3222222222222222,
    "pred": 0.267034893606931
  },
  "iid:0.4": {
    "meas": 0.3,
    "pred": 0.261801922344461
  },
  "correlato:0.4": {
    "meas": 0.5222222222222223,
    "pred": 0.4363365372407683
  },
  "sistematico:0.4": {
    "meas": 0.15,
    "pred": 0.1454455124135894
  }
}