{
  "measured": {
    "missing": {
      "0.0": {
        "acc": 0.4666666666666666,
        "conf_ok": 0.3772083619180326,
        "conf_err": 0.3578173755952401
      },
      "0.02": {
        "acc": 0.48888888888888893,
        "conf_ok": 0.37766128256473713,
        "conf_err": 0.3551484851817843
      },
      "0.05": {
        "acc": 0.5055555555555555,
        "conf_ok": 0.37640341853143056,
        "conf_err": 0.3547025898508913
      },
      "0.1": {
        "acc": 0.4388888888888889,
        "conf_ok": 0.3794769159665199,
        "conf_err": 0.35647423315707427
      },
      "0.15": {
        "acc": 0.4277777777777778,
        "conf_ok": 0.38237544771215265,
        "conf_err": 0.3562854565700409
      },
      "0.2": {
        "acc": 0.4222222222222223,
        "conf_ok": 0.38567927449928746,
        "conf_err": 0.359106908419084
      },
      "0.25": {
        "acc": 0.37222222222222223,
        "conf_ok": 0.3900188900239689,
        "conf_err": 0.354854793009981
      },
      "0.3": {
        "acc": 0.43333333333333335,
        "conf_ok": 0.38952286936718,
        "conf_err": 0.3524238257658651
      },
      "0.4": {
        "acc": 0.3611111111111111,
        "conf_ok": 0.3927219648212422,
        "conf_err": 0.3591505037776304
      },
      "0.5": {
        "acc": 0.2722222222222222,
        "conf_ok": 0.410353785069282,
        "conf_err": 0.3570102421939275
      }
    },
    "wrong_relation": {
      "0.0": {
        "acc": 0.4666666666666666,
        "conf_ok": 0.3772083619180326,
        "conf_err": 0.3578173755952401
      },
      "0.02": {
        "acc": 0.48888888888888893,
        "conf_ok": 0.37526571709809997,
        "conf_err": 0.3566079471511878
      },
      "0.05": {
        "acc": 0.38888888888888884,
        "conf_ok": 0.37829561555708924,
        "conf_err": 0.3556662421695882
      },
      "0.1": {
        "acc": 0.33888888888888885,
        "conf_ok": 0.3783760161393946,
        "conf_err": 0.35518025744778303
      },
      "0.15": {
        "acc": 0.33888888888888885,
        "conf_ok": 0.37496204129704447,
        "conf_err": 0.3531579401153496
      },
      "0.2": {
        "acc": 0.2611111111111111,
        "conf_ok": 0.37721151787427315,
        "conf_err": 0.3547754602048292
      },
      "0.25": {
        "acc": 0.25,
        "conf_ok": 0.3793841613640808,
        "conf_err": 0.3534635346387875
      },
      "0.3": {
        "acc": 0.2611111111111111,
        "conf_ok": 0.37691690470400013,
        "conf_err": 0.35472920752519493
      },
      "0.4": {
        "acc": 0.2111111111111111,
        "conf_ok": 0.3772046644033885,
        "conf_err": 0.3527938536922155
      },
      "0.5": {
        "acc": 0.14444444444444446,
        "conf_ok": 0.36536833401019453,
        "conf_err": 0.35030329698658375
      }
    },
    "wrong_entity": {
      "0.0": {
        "acc": 0.4666666666666666,
        "conf_ok": 0.3772083619180326,
        "conf_err": 0.3578173755952401
      },
      "0.02": {
        "acc": 0.5222222222222223,
        "conf_ok": 0.37402847389268806,
        "conf_err": 0.3579388272707896
      },
      "0.05": {
        "acc": 0.4444444444444444,
        "conf_ok": 0.3731040741791768,
        "conf_err": 0.3601242706776062
      },
      "0.1": {
        "acc": 0.37222222222222223,
        "conf_ok": 0.37370313251461784,
        "conf_err": 0.3570604570088794
      },
      "0.15": {
        "acc": 0.3833333333333333,
        "conf_ok": 0.3758166196785538,
        "conf_err": 0.35960793094200877
      },
      "0.2": {
        "acc": 0.3055555555555555,
        "conf_ok": 0.3780166554314274,
        "conf_err": 0.36244466398949765
      },
      "0.25": {
        "acc": 0.26666666666666666,
        "conf_ok": 0.37570236244061816,
        "conf_err": 0.36108865018101616
      },
      "0.3": {
        "acc": 0.22777777777777777,
        "conf_ok": 0.37891935061177334,
        "conf_err": 0.36080841794893154
      },
      "0.4": {
        "acc": 0.19444444444444445,
        "conf_ok": 0.3811567720353265,
        "conf_err": 0.3596454436560454
      },
      "0.5": {
        "acc": 0.12222222222222223,
        "conf_ok": 0.3754392991712137,
        "conf_err": 0.36062790490527874
      }
    },
    "spurious": {
      "0.0": {
        "acc": 0.4666666666666666,
        "conf_ok": 0.3772083619180326,
        "conf_err": 0.3578173755952401
      },
      "0.02": {
        "acc": 0.5,
        "conf_ok": 0.3757848358009319,
        "conf_err": 0.3557977887209554
      },
      "0.05": {
        "acc": 0.4444444444444445,
        "conf_ok": 0.3777565274642259,
        "conf_err": 0.35477533454984417
      },
      "0.1": {
        "acc": 0.4000000000000001,
        "conf_ok": 0.37692915385800707,
        "conf_err": 0.3534511214020725
      },
      "0.15": {
        "acc": 0.3333333333333333,
        "conf_ok": 0.3748582488855922,
        "conf_err": 0.35352558512300214
      },
      "0.2": {
        "acc": 0.3277777777777778,
        "conf_ok": 0.3731331310162863,
        "conf_err": 0.35472470880132845
      },
      "0.25": {
        "acc": 0.2722222222222222,
        "conf_ok": 0.37291850820655287,
        "conf_err": 0.3549653543302819
      },
      "0.3": {
        "acc": 0.27777777777777773,
        "conf_ok": 0.37097018881602717,
        "conf_err": 0.35490716374303893
      },
      "0.4": {
        "acc": 0.2111111111111111,
        "conf_ok": 0.3728873261051674,
        "conf_err": 0.35259800636543526
      },
      "0.5": {
        "acc": 0.22777777777777777,
        "conf_ok": 0.37249145255200083,
        "conf_err": 0.3524433146158971
      }
    }
  },
  "predicted": {
    "missing": {
      "0.0": 0.4666666666666666,
      "0.02": 0.44818666666666657,
      "0.05": 0.42116666666666663,
      "0.1": 0.378,
      "0.15": 0.3371666666666666,
      "0.2": 0.2986666666666667,
      "0.25": 0.26249999999999996,
      "0.3": 0.2286666666666666,
      "0.4": 0.16799999999999998,
      "0.5": 0.11666666666666665
    },
    "wrong_relation": {
      "0.0": 0.4666666666666666,
      "0.02": 0.44818666666666657,
      "0.05": 0.42116666666666663,
      "0.1": 0.378,
      "0.15": 0.3371666666666666,
      "0.2": 0.2986666666666667,
      "0.25": 0.26249999999999996,
      "0.3": 0.2286666666666666,
      "0.4": 0.16799999999999998,
      "0.5": 0.11666666666666665
    },
    "wrong_entity": {
      "0.0": 0.4666666666666666,
      "0.02": 0.44818666666666657,
      "0.05": 0.42116666666666663,
      "0.1": 0.378,
      "0.15": 0.3371666666666666,
      "0.2": 0.2986666666666667,
      "0.25": 0.26249999999999996,
      "0.3": 0.2286666666666666,
      "0.4": 0.16799999999999998,
      "0.5": 0.11666666666666665
    },
    "spurious": {
      "0.0": 0.4666666666666666,
      "0.02": 0.4549800948157871,
      "0.05": 0.4321334375679575,
      "0.1": 0.39931234680693384,
      "0.15": 0.36837523009624595,
      "0.2": 0.3394091106271961,
      "0.25": 0.31243576221791436,
      "0.3": 0.2874284907115602,
      "0.4": 0.24304343050352442,
      "0.5": 0.2055311931077397
    }
  },
  "pr_clean": 0.4666666666666666
}