{
  "surface": {
    "40:1": {
      "raw": 1.0,
      "med": 1.0
    },
    "40:2": {
      "raw": 0.025000000000000005,
      "med": 1.0
    },
    "40:3": {
      "raw": 0.0,
      "med": 1.0
    },
    "40:4": {
      "raw": 0.025000000000000005,
      "med": 0.9916666666666667
    },
    "40:6": {
      "raw": 0.0,
      "med": 0.9920634920634921
    },
    "40:8": {
      "raw": 0.016666666666666666,
      "med": 0.975
    },
    "80:1": {
      "raw": 0.8541666666666666,
      "med": 0.8541666666666666
    },
    "80:2": {
      "raw": 0.0,
      "med": 0.7833333333333333
    },
    "80:3": {
      "raw": 0.0,
      "med": 0.7115384615384616
    },
    "80:4": {
      "raw": 0.016666666666666666,
      "med": 0.6
    },
    "80:6": {
      "raw": 0.006410256410256411,
      "med": 0.48076923076923084
    },
    "80:8": {
      "raw": 0.016666666666666666,
      "med": 0.35000000000000003
    },
    "160:1": {
      "raw": 0.425,
      "med": 0.425
    },
    "160:2": {
      "raw": 0.0,
      "med": 0.25416666666666665
    },
    "160:3": {
      "raw": 0.0,
      "med": 0.10691823899371071
    },
    "160:4": {
      "raw": 0.0,
      "med": 0.03333333333333333
    },
    "160:6": {
      "raw": 0.006410256410256411,
      "med": 0.006410256410256411
    },
    "160:8": {
      "raw": 0.0,
      "med": 0.0
    },
    "320:1": {
      "raw": 0.13645833333333332,
      "med": 0.13645833333333332
    },
    "320:2": {
      "raw": 0.0,
      "med": 0.016666666666666666
    },
    "320:3": {
      "raw": 0.003144654088050314,
      "med": 0.003144654088050314
    },
    "320:4": {
      "raw": 0.004166666666666667,
      "med": 0.004166666666666667
    },
    "320:6": {
      "raw": 0.0,
      "med": 0.0
    },
    "320:8": {
      "raw": 0.0,
      "med": 0.0
    }
  },
  "collapse_r2": 0.1138099683791719,
  "p_squared": [
    [
      80,
      0.8916666666666667,
      0.7950694444444445,
      0.7833333333333333
    ],
    [
      160,
      0.4625,
      0.21390625000000002,
      0.25416666666666665
    ],
    [
      320,
      0.12395833333333334,
      0.015365668402777779,
      0.016666666666666666
    ]
  ]
}