{
  "20": {
    "naive": 1.0,
    "p2": 1.0,
    "compiled": 1.0
  },
  "40": {
    "naive": 0.82,
    "p2": 0.8742249999999999,
    "compiled": 0.9949999999999999
  },
  "80": {
    "naive": 0.24500000000000002,
    "p2": 0.255025,
    "compiled": 0.8875
  },
  "160": {
    "naive": 0.027500000000000004,
    "p2": 0.03330625000000001,
    "compiled": 0.4425
  }
}