{
  "dmin": {
    "1": {
      "dmin": 4035.3333333333335,
      "sd": 438.87760885645054
    },
    "2": {
      "dmin": 4656.0,
      "sd": 0.0
    },
    "4": {
      "dmin": 6305.0,
      "sd": 685.8935777509511
    },
    "8": {
      "dmin": 6305.0,
      "sd": 685.8935777509511
    },
    "16": {
      "dmin": 6790.0,
      "sd": 685.8935777509511
    },
    "32": {
      "dmin": 7275.0,
      "sd": 0.0
    },
    "64": {
      "dmin": 8487.666666666666,
      "sd": 857.4848233188866
    }
  },
  "fixed_d": {
    "1": {
      "acc": 0.3194444444444444,
      "pred": 0.3194444444444444
    },
    "2": {
      "acc": 0.11666666666666665,
      "pred": 0.11578703703703704
    },
    "3": {
      "acc": 0.05416666666666667,
      "pred": 0.05671901523919753
    },
    "4": {
      "acc": 0.022222222222222223,
      "pred": 0.020400905329700358
    },
    "6": {
      "acc": 0.016666666666666666,
      "pred": 0.0038819653083295995
    },
    "8": {
      "acc": 0.0,
      "pred": 0.0005728730633081844
    },
    "12": {
      "acc": 0.0,
      "pred": 1.0705717569300854e-05
    },
    "16": {
      "acc": 0.005291005291005291,
      "pred": 2.0678260780959055e-07
    },
    "24": {
      "acc": 0.005555555555555556,
      "pred": 1.4818439243871817e-10
    }
  }
}