{
  "p": 0.48305555555555557,
  "phi": 0.014191593473759477,
  "se": 0.023570226039551584,
  "joint": 0.23666666666666666,
  "p2": 0.23334266975308643,
  "noise_corr": -0.005434210696305745
}