{
  "completo": {
    "R": 0.8533333333333334,
    "H": 1.0,
    "V": 0.6666666666666666,
    "X": 1.0,
    "S": 1.0
  },
  "no-BIND": {
    "R": 0.0,
    "H": 1.0,
    "V": 0.0,
    "X": 0.0,
    "S": 1.0
  },
  "no-CLEAN": {
    "R": 0.0,
    "H": 1.0,
    "V": 0.0,
    "X": 1.0,
    "S": 0.0
  },
  "no-BUNDLE": {
    "R": 1.0,
    "H": 0.0,
    "V": 1.0,
    "X": 1.0,
    "S": 1.0
  }
}